# --------------------------------------------------------
# Host:                         127.0.0.1
# Database:                     downloadbankercripto
# Server version:               5.1.73-community
# Server OS:                    Win64
# HeidiSQL version:             5.0.0.3272
# Date/time:                    2016-11-12 10:38:48
# --------------------------------------------------------

/*!40101 SET @OLD_CHARACTER_SET_CLIENT=@@CHARACTER_SET_CLIENT */;
/*!40101 SET NAMES utf8 */;
/*!40014 SET @OLD_FOREIGN_KEY_CHECKS=@@FOREIGN_KEY_CHECKS, FOREIGN_KEY_CHECKS=0 */;
/*!40101 SET @OLD_SQL_MODE=@@SQL_MODE, SQL_MODE='NO_AUTO_VALUE_ON_ZERO' */;
# Dumping data for table downloadbankercripto.administrador: 0 rows
/*!40000 ALTER TABLE `administrador` DISABLE KEYS */;
/*!40000 ALTER TABLE `administrador` ENABLE KEYS */;

# Dumping data for table downloadbankercripto.auditoriaa: 0 rows
/*!40000 ALTER TABLE `auditoriaa` DISABLE KEYS */;
/*!40000 ALTER TABLE `auditoriaa` ENABLE KEYS */;

# Dumping data for table downloadbankercripto.auditoriaf: 0 rows
/*!40000 ALTER TABLE `auditoriaf` DISABLE KEYS */;
/*!40000 ALTER TABLE `auditoriaf` ENABLE KEYS */;

# Dumping data for table downloadbankercripto.auditoriau: 0 rows
/*!40000 ALTER TABLE `auditoriau` DISABLE KEYS */;
INSERT INTO `auditoriau` (`id_audU`, `data_audU`, `hora_audU`, `id_user`, `acao_audU`, `desc_audU`) VALUES (1, 'SEf/IKE+7n4/j4+lUftz/Q==', 'zsTMDE40gXE+luqARBkwIw==', 1, 'zF7Wft7c4XiGhOj1zW2Qkg==', '64rtkRM1blp2uRJLuVZx8h1rjQWVRvJApV0eK0gFcLg='), (2, 'SEf/IKE+7n4/j4+lUftz/Q==', 'IgBCeYTTOfEOA41Wbblz3g==', 1, 'zF7Wft7c4XiGhOj1zW2Qkg==', '64rtkRM1blp2uRJLuVZx8h1rjQWVRvJApV0eK0gFcLg='), (3, 'SEf/IKE+7n4/j4+lUftz/Q==', 'c4eGyFX/3av4cGE02KB66A==', 1, 'zF7Wft7c4XiGhOj1zW2Qkg==', '64rtkRM1blp2uRJLuVZx8h1rjQWVRvJApV0eK0gFcLg='), (4, 'SEf/IKE+7n4/j4+lUftz/Q==', '3dusOjWG5oOvP/I0H3V9SA==', 1, 'zF7Wft7c4XiGhOj1zW2Qkg==', '64rtkRM1blp2uRJLuVZx8h1rjQWVRvJApV0eK0gFcLg='), (5, 'SEf/IKE+7n4/j4+lUftz/Q==', 'mWr0ESzuCuF6MdHvZbPtug==', 2, 'zF7Wft7c4XiGhOj1zW2Qkg==', '64rtkRM1blp2uRJLuVZx8h1rjQWVRvJApV0eK0gFcLg='), (6, 'SEf/IKE+7n4/j4+lUftz/Q==', 'NJaBRs43SgjPrkAiFiHayw==', 2, 'zF7Wft7c4XiGhOj1zW2Qkg==', '64rtkRM1blp2uRJLuVZx8h1rjQWVRvJApV0eK0gFcLg='), (7, 'SEf/IKE+7n4/j4+lUftz/Q==', 'FENmbSBXrsJQaNONJ9mMNA==', 2, 'zF7Wft7c4XiGhOj1zW2Qkg==', '64rtkRM1blp2uRJLuVZx8h1rjQWVRvJApV0eK0gFcLg='), (8, 'SEf/IKE+7n4/j4+lUftz/Q==', 'X1oxLMw6kHROE7OQPCIaLw==', 2, 'zF7Wft7c4XiGhOj1zW2Qkg==', '64rtkRM1blp2uRJLuVZx8h1rjQWVRvJApV0eK0gFcLg='), (9, 'SEf/IKE+7n4/j4+lUftz/Q==', 'V0kA9/t2j7D4GqeZ30/F5A==', 3, 'zF7Wft7c4XiGhOj1zW2Qkg==', '64rtkRM1blp2uRJLuVZx8h1rjQWVRvJApV0eK0gFcLg='), (10, 'SEf/IKE+7n4/j4+lUftz/Q==', 'APuYwRql/osvaWVAUCVJiA==', 3, 'zF7Wft7c4XiGhOj1zW2Qkg==', '64rtkRM1blp2uRJLuVZx8h1rjQWVRvJApV0eK0gFcLg='), (11, 'SEf/IKE+7n4/j4+lUftz/Q==', 'tfz45ZmQkpbcu/45Obm7DA==', 3, 'zF7Wft7c4XiGhOj1zW2Qkg==', '64rtkRM1blp2uRJLuVZx8h1rjQWVRvJApV0eK0gFcLg='), (12, 'SEf/IKE+7n4/j4+lUftz/Q==', 'dAH/F2/chP/rjkkDNN5Xvg==', 3, 'XI8JavrWEVAOjNTlAJWfcA==', 'A+0sioi6+5oUDrSJRZJfcuUhPGoliTSE1PYBL5V3Rxk='), (13, 'SEf/IKE+7n4/j4+lUftz/Q==', 'pBBxeJ9o7c8nz2lFkT2pIw==', 2, 'XI8JavrWEVAOjNTlAJWfcA==', 'A+0sioi6+5oUDrSJRZJfcuUhPGoliTSE1PYBL5V3Rxk='), (14, 'SEf/IKE+7n4/j4+lUftz/Q==', 'OR+CM6jEkZeopaWjDOnc4Q==', 2, 'zF7Wft7c4XiGhOj1zW2Qkg==', '64rtkRM1blp2uRJLuVZx8h1rjQWVRvJApV0eK0gFcLg='), (15, 'SEf/IKE+7n4/j4+lUftz/Q==', 'N/CBqoXC1De9UrB4Gi3JDA==', 1, 'zF7Wft7c4XiGhOj1zW2Qkg==', '64rtkRM1blp2uRJLuVZx8h1rjQWVRvJApV0eK0gFcLg='), (16, 'SEf/IKE+7n4/j4+lUftz/Q==', 'bIPZykWI/ZC+9Y8f31FwCw==', 2, 'XI8JavrWEVAOjNTlAJWfcA==', 'A+0sioi6+5oUDrSJRZJfcuUhPGoliTSE1PYBL5V3Rxk='), (17, 'SEf/IKE+7n4/j4+lUftz/Q==', 'GqkGIzHThcDACdnhtQEWBw==', 3, 'zF7Wft7c4XiGhOj1zW2Qkg==', '64rtkRM1blp2uRJLuVZx8h1rjQWVRvJApV0eK0gFcLg='), (18, 'SEf/IKE+7n4/j4+lUftz/Q==', 'L4bApJrejTEVLmMwqWsJ5Q==', 3, 'zF7Wft7c4XiGhOj1zW2Qkg==', '64rtkRM1blp2uRJLuVZx8h1rjQWVRvJApV0eK0gFcLg='), (19, 'SEf/IKE+7n4/j4+lUftz/Q==', 'vyKET8otT4lcMKnzT7RjFA==', 3, 'XI8JavrWEVAOjNTlAJWfcA==', 'A+0sioi6+5oUDrSJRZJfcuUhPGoliTSE1PYBL5V3Rxk='), (20, 'SEf/IKE+7n4/j4+lUftz/Q==', 'GaUG3zqf29bSwPKtQW8zhg==', 3, 'zF7Wft7c4XiGhOj1zW2Qkg==', '64rtkRM1blp2uRJLuVZx8h1rjQWVRvJApV0eK0gFcLg='), (21, 'SEf/IKE+7n4/j4+lUftz/Q==', 'MJ6+EM7HY9zy3Bm7Sle3hg==', 3, 'XI8JavrWEVAOjNTlAJWfcA==', 'A+0sioi6+5oUDrSJRZJfcuUhPGoliTSE1PYBL5V3Rxk='), (22, 'SEf/IKE+7n4/j4+lUftz/Q==', 'RoNq/XSj0j5x3ncBshulBQ==', 1, 'zF7Wft7c4XiGhOj1zW2Qkg==', '64rtkRM1blp2uRJLuVZx8h1rjQWVRvJApV0eK0gFcLg='), (23, 'SEf/IKE+7n4/j4+lUftz/Q==', '9vigNTvfJz72/NspmMSEJg==', 1, 'XI8JavrWEVAOjNTlAJWfcA==', 'A+0sioi6+5oUDrSJRZJfcuUhPGoliTSE1PYBL5V3Rxk='), (24, 'SEf/IKE+7n4/j4+lUftz/Q==', '1bOtkRnMr0YyW/Hi2aexRA==', 1, 'XI8JavrWEVAOjNTlAJWfcA==', 'A+0sioi6+5oUDrSJRZJfcuUhPGoliTSE1PYBL5V3Rxk='), (25, 'SEf/IKE+7n4/j4+lUftz/Q==', 'oAhAJJmFYwB3x9RGq8v34g==', 1, 'XI8JavrWEVAOjNTlAJWfcA==', 'A+0sioi6+5oUDrSJRZJfcuUhPGoliTSE1PYBL5V3Rxk='), (26, 'SEf/IKE+7n4/j4+lUftz/Q==', 'B64nSNFiitHT299Fr2kjsw==', 1, 'zF7Wft7c4XiGhOj1zW2Qkg==', '64rtkRM1blp2uRJLuVZx8h1rjQWVRvJApV0eK0gFcLg='), (27, 'SEf/IKE+7n4/j4+lUftz/Q==', 'vhKgqvzW44Qj+d4g3ONVpA==', 1, 'XI8JavrWEVAOjNTlAJWfcA==', 'zXglu/7R2ejcN4XCSc0ggg=='), (28, 'SEf/IKE+7n4/j4+lUftz/Q==', 'pwHhl0wl0rNBQyZ8a9QZNg==', 2, 'XI8JavrWEVAOjNTlAJWfcA==', 'zXglu/7R2ejcN4XCSc0ggg=='), (29, 'SEf/IKE+7n4/j4+lUftz/Q==', 'Cw12S1Kz5TXyYnuhMpY1Bw==', 2, 'XI8JavrWEVAOjNTlAJWfcA==', 'zXglu/7R2ejcN4XCSc0ggg=='), (30, 'SEf/IKE+7n4/j4+lUftz/Q==', 'bDlOWpTTKmM6Jgwrp47SpA==', 1, 'XI8JavrWEVAOjNTlAJWfcA==', 'zXglu/7R2ejcN4XCSc0ggg=='), (31, 'SEf/IKE+7n4/j4+lUftz/Q==', 'VqvffgOseShX+x/iZwqhOw==', 2, 'XI8JavrWEVAOjNTlAJWfcA==', 'zXglu/7R2ejcN4XCSc0ggg=='), (32, 'SEf/IKE+7n4/j4+lUftz/Q==', 'kxEX2N1l8o+ai/P0pVJNbQ==', 3, 'XI8JavrWEVAOjNTlAJWfcA==', 'zXglu/7R2ejcN4XCSc0ggg==');
/*!40000 ALTER TABLE `auditoriau` ENABLE KEYS */;

# Dumping data for table downloadbankercripto.categoria: 0 rows
/*!40000 ALTER TABLE `categoria` DISABLE KEYS */;
INSERT INTO `categoria` (`id_cat`, `nome_cat`) VALUES (1, '42cJ1LYBSaOEV2sx3JQ+ug=='), (2, 'yVFdBaT3p6ov1XQEwv8V5w=='), (3, 'GcC6j8JHY2ZbqmOYagnX5g=='), (4, '/3NDGxpcgZPCtvDkCax+pg=='), (5, '54sdN2XwrUjkU6XB6oAoYQ=='), (6, 'YqE1B+1R8AHPW6B97vhBVQ=='), (7, 'g7r4tbM7xyT3sHWeHCTWTQ=='), (8, 'j/aJPCxHPL3AAEl7qSLhpw=='), (9, 'Pmaf4QdrezOs0XMtjY3EMQ=='), (10, 'nbM5x8YuyBrlw7z61drcOw=='), (11, 'D+7aXr0s9wTBD5QXs6g1AQ=='), (12, 'Jdvygh4kLKBf5gqQlXHncw=='), (13, 'DoJzOeM/TqoWknm60L/vGQ=='), (14, '55a+vJFRO1+y/kaT2YX2bg=='), (15, 'fFSgcxg5Tztxaj36MnukoA=='), (16, 'bMayMaZJx4xHPvCfapqPcQ=='), (17, 'qxHQwqV1IDlBNUIG93fxxg==');
/*!40000 ALTER TABLE `categoria` ENABLE KEYS */;

# Dumping data for table downloadbankercripto.categoriagenero: 0 rows
/*!40000 ALTER TABLE `categoriagenero` DISABLE KEYS */;
INSERT INTO `categoriagenero` (`id_cat`, `id_genero`) VALUES (1, 1), (2, 2), (3, 3), (4, 4), (5, 5), (6, 6), (7, 7), (8, 8), (9, 9), (10, 10), (11, 11), (12, 12), (13, 13), (14, 14), (15, 15), (4, 16), (11, 17), (17, 18);
/*!40000 ALTER TABLE `categoriagenero` ENABLE KEYS */;

# Dumping data for table downloadbankercripto.funcionario: 0 rows
/*!40000 ALTER TABLE `funcionario` DISABLE KEYS */;
/*!40000 ALTER TABLE `funcionario` ENABLE KEYS */;

# Dumping data for table downloadbankercripto.genero: 0 rows
/*!40000 ALTER TABLE `genero` DISABLE KEYS */;
INSERT INTO `genero` (`id_genero`, `nome_genero`) VALUES (1, '0/y6Fv8J9QSyx5Qbncj8sA=='), (2, 'j/aJPCxHPL3AAEl7qSLhpw=='), (3, 'EvZgDPFiudKke4BWTmtsZQ=='), (4, '2CnWko78GyNAhUo9YjhZPg=='), (5, 'CSUcKbiRofbj0QB0qWM8og=='), (6, 'Nr9NdhAzpl7J6bhljzr/+A=='), (7, 'iajGYzo28VNASQzGxh4SQQ=='), (8, 'JEhkllpwBQrZxE7zkH/C0g=='), (9, 'EfHtz7nvvdovfgPWVG+i2w=='), (10, 'cb2pfm0nagFdjar0kAZgBA=='), (11, 'oLlbI56MFa3+VU3MRpDNSg=='), (12, 'QUylPcOTv4ruUmTSeU+QAA=='), (13, '6g421CXTpoIrQAoN/lXtRQ=='), (14, 'lGZa4XnIGKgzZJBtaghMdg=='), (15, 'NczeLc8rEWxc36qlE5GoyA=='), (16, 'bMayMaZJx4xHPvCfapqPcQ=='), (17, 'NczeLc8rEWxc36qlE5GoyA=='), (18, 'iFLI1tB6sBBbV8hFD3cLjA=='), (19, 'mDgZwmuhU7ciGoA6Fu2Aig==');
/*!40000 ALTER TABLE `genero` ENABLE KEYS */;

# Dumping data for table downloadbankercripto.inicializacoes: 0 rows
/*!40000 ALTER TABLE `inicializacoes` DISABLE KEYS */;
INSERT INTO `inicializacoes` (`cod_inicializacoes`, `num_inicializacoes`) VALUES (1, '1');
/*!40000 ALTER TABLE `inicializacoes` ENABLE KEYS */;

# Dumping data for table downloadbankercripto.prodtipo: 0 rows
/*!40000 ALTER TABLE `prodtipo` DISABLE KEYS */;
INSERT INTO `prodtipo` (`id_tipo`, `id_prod`) VALUES (1, 1), (2, 2), (3, 3), (4, 4), (1, 5), (2, 6), (3, 7), (5, 8), (6, 9), (1, 10), (2, 11), (4, 12), (4, 13), (6, 14), (3, 15), (5, 16), (5, 17), (6, 18);
/*!40000 ALTER TABLE `prodtipo` ENABLE KEYS */;

# Dumping data for table downloadbankercripto.produto: 0 rows
/*!40000 ALTER TABLE `produto` DISABLE KEYS */;
INSERT INTO `produto` (`id_prod`, `id_user`, `nome_prod`, `valor_prod`, `sobre_prod`, `contem_prod`, `imagem_prod`, `arquivo_prod`, `status_prod`, `tamanho_prod`) VALUES (1, 1, '891FTkj6SxG8pIcAq0D03Q==', 'IVuAlnv3bV+/AizRMePW8A==', 'DfWztz6+rMl2NE/q6tjSswYrtAHyklRmO4VLkalQyFdlmB4G8Wn/H2NN1eIU8APZOWl01Zg9PoBvU4iQGELNlEO0lo1IlpP/LToR0E9Yk5Xo01EO5SdxoCHtTyHoC1hVd4oojsPR6CEJyqweCAi3j1Pcac5aMhTi6xiIzHgZaqrnW0x2eZMGcMxkMxIdLkXIhqHsE7mXFyq8aRu0uIPSM5N8GcUyD5TTxK3TiTniKC5zV4yoZCnF02lol3AfmiauXvumxceT2g8i7uw2N5E+iooSyk7KtWAdG9FQrRIv6iZSAXbBHrsuDILw9IB/hanFe0ofCI2v4+ENxqQC3tAi3BgJuwH/JS5+/zc+AvDQO6lhw5/tp3wYr1H+fLDoSshoi0PtT4Be5qQHPAD/a+4vTH/Gqhp7WhhSAPxG9flgZEQ=', 'p4gtTi1W9CKKiU99mqalwQ4uf+VFjW2oAqZ5U4Pk+TJiViROGpOw5NlVFtFuJcKQ6VZ3PCj1bKjd7/803nT3OYa0iZAtF52d8ngv0IWbpQVUZfma2lxpxGbgTRItw1ntaVOxroopgvpo0HzbTsDJ8LDR9klo6peTRFmpNa//CvFzUoSPcKGnLBFO8jpbIZQRWqPm7exXojaueQesM3m81vNLkdqGdqaS8PNrCkjvdcN380Fd4/taKayPkziO3XILu13rdfmDeqbyGwhYNxwDaBAowFOZoUYHp5GFBq0EKwWqKemalhB6DUSr0fFj1HqMQyeIdgE1pV0mYaz4ZHOfB7jRXcUdE9k6sDwpYvYUkIWh4wpO9LRcdvyAN8lvekKFZYkMBS6MOR/+KHskNapmAUcFqzKdbHZSBe9WuCtUFLk=', 'rObPEM5xhkNsbabWHMRO250YeokoPYs2b6x1ttglYfw=', 'oqwWoj1zAjasVXLRPWtvF+9zEcfSOBHUV3ruuYtqCu7yZY+eodRyLv0RCWk+6EQQ', '1', 'hMcNdMrepBUbhb8icn1sGw=='), (2, 1, 'nRsA2RmE6ZuIUXAwJW2aMw==', '489fS7b4sqcuz2jGVtaC4w==', 'DfWztz6+rMl2NE/q6tjSswYrtAHyklRmO4VLkalQyFdlmB4G8Wn/H2NN1eIU8APZOWl01Zg9PoBvU4iQGELNlEO0lo1IlpP/LToR0E9Yk5Xo01EO5SdxoCHtTyHoC1hVd4oojsPR6CEJyqweCAi3j1Pcac5aMhTi6xiIzHgZaqrnW0x2eZMGcMxkMxIdLkXIhqHsE7mXFyq8aRu0uIPSM5N8GcUyD5TTxK3TiTniKC5zV4yoZCnF02lol3AfmiauXvumxceT2g8i7uw2N5E+iooSyk7KtWAdG9FQrRIv6iZSAXbBHrsuDILw9IB/hanFe0ofCI2v4+ENxqQC3tAi3Lqr9GcIrmFuRPlFF9LWiC8Q77btKkvgmcLoV2QQpa5+TWQEWEtrkSgLRJKehh9mPbMwbxGRFn3V+vPyjbeciV8=', 'p4gtTi1W9CKKiU99mqalwQ4uf+VFjW2oAqZ5U4Pk+TJiViROGpOw5NlVFtFuJcKQ6VZ3PCj1bKjd7/803nT3OYa0iZAtF52d8ngv0IWbpQVUZfma2lxpxGbgTRItw1ntaVOxroopgvpo0HzbTsDJ8LDR9klo6peTRFmpNa//CvFzUoSPcKGnLBFO8jpbIZQRWqPm7exXojaueQesM3m81vNLkdqGdqaS8PNrCkjvdcN380Fd4/taKayPkziO3XILu13rdfmDeqbyGwhYNxwDaBAowFOZoUYHp5GFBq0EKwWqKemalhB6DUSr0fFj1HqMQyeIdgE1pV0mYaz4ZHOfB7jRXcUdE9k6sDwpYvYUkIWh4wpO9LRcdvyAN8lvekKFZYkMBS6MOR/+KHskNapmAUcFqzKdbHZSBe9WuCtUFLk=', 'f57EnYUVP5KpftGxbVVZKkRkpsLHwRGUQL93ruIDUJQ=', 'oqwWoj1zAjasVXLRPWtvF+9zEcfSOBHUV3ruuYtqCu7yZY+eodRyLv0RCWk+6EQQ', '1', '4aTiBoQ65dce9f7Rit8/fQ=='), (3, 1, 'Y76+XCAYuExtdh9B5eSYFg==', 'KEHviBAj+H5rTncukeI+vw==', 'DfWztz6+rMl2NE/q6tjSswYrtAHyklRmO4VLkalQyFdlmB4G8Wn/H2NN1eIU8APZOWl01Zg9PoBvU4iQGELNlEO0lo1IlpP/LToR0E9Yk5Xo01EO5SdxoCHtTyHoC1hVd4oojsPR6CEJyqweCAi3j1Pcac5aMhTi6xiIzHgZaqrnW0x2eZMGcMxkMxIdLkXIhqHsE7mXFyq8aRu0uIPSM5N8GcUyD5TTxK3TiTniKC5zV4yoZCnF02lol3AfmiauXvumxceT2g8i7uw2N5E+iooSyk7KtWAdG9FQrRIv6iZSAXbBHrsuDILw9IB/hanFe0ofCI2v4+ENxqQC3tAi3FbTzfsh5sXJqX5VOqaXvKWm/yQ4P8zcRrSsEipwAjPwV9EdqUa5o7jdYYLjjcxobQ==', 'p4gtTi1W9CKKiU99mqalwQ4uf+VFjW2oAqZ5U4Pk+TJiViROGpOw5NlVFtFuJcKQ6VZ3PCj1bKjd7/803nT3OYa0iZAtF52d8ngv0IWbpQVUZfma2lxpxGbgTRItw1ntaVOxroopgvpo0HzbTsDJ8LDR9klo6peTRFmpNa//CvFzUoSPcKGnLBFO8jpbIZQRWqPm7exXojaueQesM3m81vNLkdqGdqaS8PNrCkjvdcN380Fd4/taKayPkziO3XILu13rdfmDeqbyGwhYNxwDaBAowFOZoUYHp5GFBq0EKwWqKemalhB6DUSr0fFj1HqMQyeIdgE1pV0mYaz4ZHOfB7jRXcUdE9k6sDwpYvYUkIWh4wpO9LRcdvyAN8lvekKFZYkMBS6MOR/+KHskNapmAUcFqzKdbHZSBe9WuCtUFLk=', 'SvqASuEW1bHgqAvhEfjSrSaNTd5TpT3Eb5gA6UhJrjo=', 'oqwWoj1zAjasVXLRPWtvF+9zEcfSOBHUV3ruuYtqCu7yZY+eodRyLv0RCWk+6EQQ', '1', 'I8kKv5hesVWkdAvyxSutSQ=='), (4, 1, 'd47TET4NIDV4qHSuc7Av2bwGXsM/0DuLABtf89vSOqc=', 'J4gNAShvTuLR0z3/18gyRA==', 'DfWztz6+rMl2NE/q6tjSswYrtAHyklRmO4VLkalQyFdlmB4G8Wn/H2NN1eIU8APZOWl01Zg9PoBvU4iQGELNlEO0lo1IlpP/LToR0E9Yk5Xo01EO5SdxoCHtTyHoC1hVd4oojsPR6CEJyqweCAi3j1Pcac5aMhTi6xiIzHgZaqrnW0x2eZMGcMxkMxIdLkXIhqHsE7mXFyq8aRu0uIPSM5N8GcUyD5TTxK3TiTniKC5zV4yoZCnF02lol3AfmiauXvumxceT2g8i7uw2N5E+iooSyk7KtWAdG9FQrRIv6iZSAXbBHrsuDILw9IB/hanFe0ofCI2v4+ENxqQC3tAi3H2iRSHupSlHr5g5m41TK9EMtSFBNoPpexAhNH1OAQFYR4p3VGu/E4sDLH7o/atbHw==', 'p4gtTi1W9CKKiU99mqalwQ4uf+VFjW2oAqZ5U4Pk+TJiViROGpOw5NlVFtFuJcKQ6VZ3PCj1bKjd7/803nT3OYa0iZAtF52d8ngv0IWbpQVUZfma2lxpxGbgTRItw1ntaVOxroopgvpo0HzbTsDJ8LDR9klo6peTRFmpNa//CvFzUoSPcKGnLBFO8jpbIZQRWqPm7exXojaueQesM3m81vNLkdqGdqaS8PNrCkjvdcN380Fd4/taKayPkziO3XILu13rdfmDeqbyGwhYNxwDaBAowFOZoUYHp5GFBq0EKwWqKemalhB6DUSr0fFj1HqMQyeIdgE1pV0mYaz4ZHOfB7jRXcUdE9k6sDwpYvYUkIWh4wpO9LRcdvyAN8lvekKFZYkMBS6MOR/+KHskNapmAUcFqzKdbHZSBe9WuCtUFLk=', 'm5FpOgaXgAZC3/wEFKzUG80xVEJV4PVHw9PqCsj0m9QInVVRHP6DtH+6+Hog1UO0', 'oqwWoj1zAjasVXLRPWtvF+9zEcfSOBHUV3ruuYtqCu7yZY+eodRyLv0RCWk+6EQQ', '1', 'dWCvWS6Us6yYMqekQ6N3UA=='), (5, 2, 'v2SvrN6O/ox+sN378Fb8q+HpdRdsK+iMtoUZ/rHllwo=', 'mdOzrAXWvGYyUqG5QsZS+A==', 'DfWztz6+rMl2NE/q6tjSswYrtAHyklRmO4VLkalQyFdlmB4G8Wn/H2NN1eIU8APZOWl01Zg9PoBvU4iQGELNlEO0lo1IlpP/LToR0E9Yk5Xo01EO5SdxoCHtTyHoC1hVd4oojsPR6CEJyqweCAi3j1Pcac5aMhTi6xiIzHgZaqrnW0x2eZMGcMxkMxIdLkXIhqHsE7mXFyq8aRu0uIPSM5N8GcUyD5TTxK3TiTniKC5zV4yoZCnF02lol3AfmiauXvumxceT2g8i7uw2N5E+iooSyk7KtWAdG9FQrRIv6iZSAXbBHrsuDILw9IB/hanFe0ofCI2v4+ENxqQC3tAi3AO4f2v/OItZtM9HClxoWe4bZn5IcqLeGV16wgaXzMBJ', 'p4gtTi1W9CKKiU99mqalwQ4uf+VFjW2oAqZ5U4Pk+TJiViROGpOw5NlVFtFuJcKQ6VZ3PCj1bKjd7/803nT3OYa0iZAtF52d8ngv0IWbpQVUZfma2lxpxGbgTRItw1ntaVOxroopgvpo0HzbTsDJ8LDR9klo6peTRFmpNa//CvFzUoSPcKGnLBFO8jpbIZQRWqPm7exXojaueQesM3m81vNLkdqGdqaS8PNrCkjvdcN380Fd4/taKayPkziO3XILu13rdfmDeqbyGwhYNxwDaBAowFOZoUYHp5GFBq0EKwWqKemalhB6DUSr0fFj1HqMQyeIdgE1pV0mYaz4ZHOfB7jRXcUdE9k6sDwpYvYUkIWh4wpO9LRcdvyAN8lvekKFZYkMBS6MOR/+KHskNapmAUcFqzKdbHZSBe9WuCtUFLk=', 'wAs8fTgAC3UEmTIBPqO9lCwQkMq8t7ZQ2rRHx4BsWh0=', 'oqwWoj1zAjasVXLRPWtvF+9zEcfSOBHUV3ruuYtqCu7yZY+eodRyLv0RCWk+6EQQ', '1', 'hMcNdMrepBUbhb8icn1sGw=='), (6, 2, 'qBiVLok5iJ768zUdbmlYbpKXWGfrQZjlFmb23apdt4c=', 'OXVI7/voLn7vZ6DDnqv1TQ==', 'DfWztz6+rMl2NE/q6tjSswYrtAHyklRmO4VLkalQyFdlmB4G8Wn/H2NN1eIU8APZOWl01Zg9PoBvU4iQGELNlEO0lo1IlpP/LToR0E9Yk5Xo01EO5SdxoCHtTyHoC1hVd4oojsPR6CEJyqweCAi3j1Pcac5aMhTi6xiIzHgZaqrnW0x2eZMGcMxkMxIdLkXIhqHsE7mXFyq8aRu0uIPSM5N8GcUyD5TTxK3TiTniKC5zV4yoZCnF02lol3AfmiauXvumxceT2g8i7uw2N5E+iooSyk7KtWAdG9FQrRIv6iZSAXbBHrsuDILw9IB/hanFe0ofCI2v4+ENxqQC3tAi3Lqr9GcIrmFuRPlFF9LWiC/9id+fK/aXfoN9N7JhGapX7uxyRLyutKAf6Udby4bCxBvcG/berB/SGfPiKChnJK3ScsDJ60albjYrGt5AiENPw/M2TPs3nvW7my0KLGGjhw==', 'p4gtTi1W9CKKiU99mqalwQ4uf+VFjW2oAqZ5U4Pk+TJiViROGpOw5NlVFtFuJcKQ6VZ3PCj1bKjd7/803nT3OYa0iZAtF52d8ngv0IWbpQVUZfma2lxpxGbgTRItw1ntaVOxroopgvpo0HzbTsDJ8LDR9klo6peTRFmpNa//CvFzUoSPcKGnLBFO8jpbIZQRWqPm7exXojaueQesM3m81vNLkdqGdqaS8PNrCkjvdcN380Fd4/taKayPkziO3XILu13rdfmDeqbyGwhYNxwDaBAowFOZoUYHp5GFBq0EKwWqKemalhB6DUSr0fFj1HqMQyeIdgE1pV0mYaz4ZHOfB7jRXcUdE9k6sDwpYvYUkIWh4wpO9LRcdvyAN8lvekKFZYkMBS6MOR/+KHskNapmAUcFqzKdbHZSBe9WuCtUFLk=', '0DXxJISB08cbL+3iG5dCV56KyrqHk5o+amTXgPUHVgE=', 'oqwWoj1zAjasVXLRPWtvF+9zEcfSOBHUV3ruuYtqCu7yZY+eodRyLv0RCWk+6EQQ', '1', 'PFndTvwGOx5SB0y5VwQBXg=='), (7, 2, '/B/Anq6U/5DGXkDB/5GYlg==', 'kH7Sbby6j/Dziyk9mLEXrQ==', 'DfWztz6+rMl2NE/q6tjSswYrtAHyklRmO4VLkalQyFdlmB4G8Wn/H2NN1eIU8APZOWl01Zg9PoBvU4iQGELNlEO0lo1IlpP/LToR0E9Yk5Xo01EO5SdxoCHtTyHoC1hVd4oojsPR6CEJyqweCAi3j1Pcac5aMhTi6xiIzHgZaqrnW0x2eZMGcMxkMxIdLkXIhqHsE7mXFyq8aRu0uIPSM5N8GcUyD5TTxK3TiTniKC5zV4yoZCnF02lol3AfmiauXvumxceT2g8i7uw2N5E+iooSyk7KtWAdG9FQrRIv6iZSAXbBHrsuDILw9IB/hanFe0ofCI2v4+ENxqQC3tAi3K9Bi7BEGKe+Qf4n8kBBCFQnr6UM3dHY4WvtALZEb0YGv+g0iiZvLpxYs5zbq1eq+AeYRFi/vh/0lexetAswrGz1aboq4ZPq8qTYx07eu2bz', 'p4gtTi1W9CKKiU99mqalwQ4uf+VFjW2oAqZ5U4Pk+TJiViROGpOw5NlVFtFuJcKQ6VZ3PCj1bKjd7/803nT3OYa0iZAtF52d8ngv0IWbpQVUZfma2lxpxGbgTRItw1ntaVOxroopgvpo0HzbTsDJ8LDR9klo6peTRFmpNa//CvFzUoSPcKGnLBFO8jpbIZQRWqPm7exXojaueQesM3m81vNLkdqGdqaS8PNrCkjvdcN380Fd4/taKayPkziO3XILu13rdfmDeqbyGwhYNxwDaBAowFOZoUYHp5GFBq0EKwWqKemalhB6DUSr0fFj1HqMQyeIdgE1pV0mYaz4ZHOfB7jRXcUdE9k6sDwpYvYUkIWh4wpO9LRcdvyAN8lvekKFZYkMBS6MOR/+KHskNapmAUcFqzKdbHZSBe9WuCtUFLk=', 'lhl86TRb1fRbXTaphEXDckOyRZqmAwPF+97sixNrSrQ=', 'oqwWoj1zAjasVXLRPWtvF+9zEcfSOBHUV3ruuYtqCu7yZY+eodRyLv0RCWk+6EQQ', '1', '3xw+0i/VKVGO3A5NsOWi8Q=='), (8, 2, 'P78OkaxcBEnDMIZZ60N2T9RSISJ5Ycsr/BciaeKfRsk=', 'wa0azh82REI458wDWY/+cA==', 'DfWztz6+rMl2NE/q6tjSswYrtAHyklRmO4VLkalQyFdlmB4G8Wn/H2NN1eIU8APZOWl01Zg9PoBvU4iQGELNlEO0lo1IlpP/LToR0E9Yk5Xo01EO5SdxoCHtTyHoC1hVd4oojsPR6CEJyqweCAi3j1Pcac5aMhTi6xiIzHgZaqrnW0x2eZMGcMxkMxIdLkXIhqHsE7mXFyq8aRu0uIPSM5N8GcUyD5TTxK3TiTniKC5zV4yoZCnF02lol3AfmiauXvumxceT2g8i7uw2N5E+iooSyk7KtWAdG9FQrRIv6iZSAXbBHrsuDILw9IB/hanFe0ofCI2v4+ENxqQC3tAi3JTv1C/WEyJ2WtU+ipcSach/rn2/oxNJh+HAfETNtuCuOqHdO59ebE5TC+70o35JWEGeBqtVbxa2gvF5Ff+jP5803VOYFERFkXSOD8X4S0d6', 'p4gtTi1W9CKKiU99mqalwQ4uf+VFjW2oAqZ5U4Pk+TJiViROGpOw5NlVFtFuJcKQ6VZ3PCj1bKjd7/803nT3OYa0iZAtF52d8ngv0IWbpQVUZfma2lxpxGbgTRItw1ntaVOxroopgvpo0HzbTsDJ8LDR9klo6peTRFmpNa//CvFzUoSPcKGnLBFO8jpbIZQRWqPm7exXojaueQesM3m81vNLkdqGdqaS8PNrCkjvdcN380Fd4/taKayPkziO3XILu13rdfmDeqbyGwhYNxwDaBAowFOZoUYHp5GFBq0EKwWqKemalhB6DUSr0fFj1HqMQyeIdgE1pV0mYaz4ZHOfB7jRXcUdE9k6sDwpYvYUkIWh4wpO9LRcdvyAN8lvekKFZYkMBS6MOR/+KHskNapmAUcFqzKdbHZSBe9WuCtUFLk=', 'hVBpgT4d+0cEqxMf0HcQJdoq6YvqXjwpUl5HfyJ8cOI=', 'oqwWoj1zAjasVXLRPWtvF+9zEcfSOBHUV3ruuYtqCu7yZY+eodRyLv0RCWk+6EQQ', '1', 'z1CYpfz3amYsgQlgbh8Wdw=='), (9, 3, 'MXA78FoTz3SAcWC4YxE/mJTuw67G35N2VJMPXa/WkjE=', '6yhld/pNJjLZ3oKOwsS5pg==', 'DfWztz6+rMl2NE/q6tjSswYrtAHyklRmO4VLkalQyFdlmB4G8Wn/H2NN1eIU8APZOWl01Zg9PoBvU4iQGELNlEO0lo1IlpP/LToR0E9Yk5Xo01EO5SdxoCHtTyHoC1hVd4oojsPR6CEJyqweCAi3j1Pcac5aMhTi6xiIzHgZaqrnW0x2eZMGcMxkMxIdLkXIhqHsE7mXFyq8aRu0uIPSM5N8GcUyD5TTxK3TiTniKC5zV4yoZCnF02lol3AfmiauXvumxceT2g8i7uw2N5E+iooSyk7KtWAdG9FQrRIv6iZSAXbBHrsuDILw9IB/hanFe0ofCI2v4+ENxqQC3tAi3E/9GroEUx9M7daoOCpN4bFSnqQ7iEuJp9ecXaRkgeSYKlq9mu9SXQAGsPdMVPtP7rEjno64cAZsW9RRi6lcr64=', 'p4gtTi1W9CKKiU99mqalwQ4uf+VFjW2oAqZ5U4Pk+TJiViROGpOw5NlVFtFuJcKQ6VZ3PCj1bKjd7/803nT3OYa0iZAtF52d8ngv0IWbpQVUZfma2lxpxGbgTRItw1ntaVOxroopgvpo0HzbTsDJ8LDR9klo6peTRFmpNa//CvFzUoSPcKGnLBFO8jpbIZQRWqPm7exXojaueQesM3m81vNLkdqGdqaS8PNrCkjvdcN380Fd4/taKayPkziO3XILu13rdfmDeqbyGwhYNxwDaBAowFOZoUYHp5GFBq0EKwWqKemalhB6DUSr0fFj1HqMQyeIdgE1pV0mYaz4ZHOfB7jRXcUdE9k6sDwpYvYUkIWh4wpO9LRcdvyAN8lvekKFZYkMBS6MOR/+KHskNapmAUcFqzKdbHZSBe9WuCtUFLk=', 'h2G2WcDSn19EkgqlthbmvtWasE3RGetRPPm55Jj0zRk=', 'oqwWoj1zAjasVXLRPWtvF+9zEcfSOBHUV3ruuYtqCu7yZY+eodRyLv0RCWk+6EQQ', '1', 'Pelc6xBW04i7xeq2tnRh+g=='), (10, 3, 'HsZWInd4la9nr2u9xxZL0A==', '489fS7b4sqcuz2jGVtaC4w==', 'DfWztz6+rMl2NE/q6tjSswYrtAHyklRmO4VLkalQyFdlmB4G8Wn/H2NN1eIU8APZOWl01Zg9PoBvU4iQGELNlEO0lo1IlpP/LToR0E9Yk5Xo01EO5SdxoCHtTyHoC1hVd4oojsPR6CEJyqweCAi3j1Pcac5aMhTi6xiIzHgZaqrnW0x2eZMGcMxkMxIdLkXIhqHsE7mXFyq8aRu0uIPSM5N8GcUyD5TTxK3TiTniKC5zV4yoZCnF02lol3AfmiauXvumxceT2g8i7uw2N5E+iooSyk7KtWAdG9FQrRIv6iZSAXbBHrsuDILw9IB/hanFe0ofCI2v4+ENxqQC3tAi3Kh382cRN/0GQCtlfW+E2QcKqsCpnGEHUxYeFfKhkbua5ABQ4uI98oMrandFOBJrJA==', 'p4gtTi1W9CKKiU99mqalwQ4uf+VFjW2oAqZ5U4Pk+TJiViROGpOw5NlVFtFuJcKQ6VZ3PCj1bKjd7/803nT3OYa0iZAtF52d8ngv0IWbpQVUZfma2lxpxGbgTRItw1ntaVOxroopgvpo0HzbTsDJ8LDR9klo6peTRFmpNa//CvFzUoSPcKGnLBFO8jpbIZQRWqPm7exXojaueQesM3m81vNLkdqGdqaS8PNrCkjvdcN380Fd4/taKayPkziO3XILu13rdfmDeqbyGwhYNxwDaBAowFOZoUYHp5GFBq0EKwWqKemalhB6DUSr0fFj1HqMQyeIdgE1pV0mYaz4ZHOfB7jRXcUdE9k6sDwpYvYUkIWh4wpO9LRcdvyAN8lvekKFZYkMBS6MOR/+KHskNapmAUcFqzKdbHZSBe9WuCtUFLk=', 'iwQ66iBwiuidKVmH0uFPPdDZl4zykOIfCnYwV4ywR2d8Yqw4aj4UwYvrKwSb1ZrV', 'oqwWoj1zAjasVXLRPWtvF+9zEcfSOBHUV3ruuYtqCu7yZY+eodRyLv0RCWk+6EQQ', '1', '4aTiBoQ65dce9f7Rit8/fQ=='), (11, 3, 'crG56q17fM7ADUCrPEZkAR5fjyR7j7BHpXxZw3Vd/XU=', 'J4gNAShvTuLR0z3/18gyRA==', 'DfWztz6+rMl2NE/q6tjSswYrtAHyklRmO4VLkalQyFdlmB4G8Wn/H2NN1eIU8APZOWl01Zg9PoBvU4iQGELNlEO0lo1IlpP/LToR0E9Yk5Xo01EO5SdxoCHtTyHoC1hVd4oojsPR6CEJyqweCAi3j1Pcac5aMhTi6xiIzHgZaqrnW0x2eZMGcMxkMxIdLkXIhqHsE7mXFyq8aRu0uIPSM5N8GcUyD5TTxK3TiTniKC5zV4yoZCnF02lol3AfmiauXvumxceT2g8i7uw2N5E+iooSyk7KtWAdG9FQrRIv6iZSAXbBHrsuDILw9IB/hanFe0ofCI2v4+ENxqQC3tAi3DfH72md7Jb7MmGfsiAjXA4jhdNwbK9ze5RPheMjVWtxkzkkoa/FKXoOTfIr9BRFaw==', 'p4gtTi1W9CKKiU99mqalwQ4uf+VFjW2oAqZ5U4Pk+TJiViROGpOw5NlVFtFuJcKQ6VZ3PCj1bKjd7/803nT3OYa0iZAtF52d8ngv0IWbpQVUZfma2lxpxGbgTRItw1ntaVOxroopgvpo0HzbTsDJ8LDR9klo6peTRFmpNa//CvFzUoSPcKGnLBFO8jpbIZQRWqPm7exXojaueQesM3m81vNLkdqGdqaS8PNrCkjvdcN380Fd4/taKayPkziO3XILu13rdfmDeqbyGwhYNxwDaBAowFOZoUYHp5GFBq0EKwWqKemalhB6DUSr0fFj1HqMQyeIdgE1pV0mYaz4ZHOfB7jRXcUdE9k6sDwpYvYUkIWh4wpO9LRcdvyAN8lvekKFZYkMBS6MOR/+KHskNapmAUcFqzKdbHZSBe9WuCtUFLk=', 'Nu9bmJduhty536iOxT6bE1KSF6xDbtXHzIpqnBazB6o=', 'oqwWoj1zAjasVXLRPWtvF+9zEcfSOBHUV3ruuYtqCu7yZY+eodRyLv0RCWk+6EQQ', '1', 'S6FwJmxV5M4pOweXStGEiQ=='), (12, 2, 'gC3Af3OpP5aSWOnPDBCGIxabzNMva3k3Nz50eFoO5FE=', '4MgqJVstTUr9bza3Ums9iA==', 'DfWztz6+rMl2NE/q6tjSswYrtAHyklRmO4VLkalQyFdlmB4G8Wn/H2NN1eIU8APZOWl01Zg9PoBvU4iQGELNlEO0lo1IlpP/LToR0E9Yk5Xo01EO5SdxoCHtTyHoC1hVd4oojsPR6CEJyqweCAi3j1Pcac5aMhTi6xiIzHgZaqrnW0x2eZMGcMxkMxIdLkXIhqHsE7mXFyq8aRu0uIPSM5N8GcUyD5TTxK3TiTniKC5zV4yoZCnF02lol3AfmiauXvumxceT2g8i7uw2N5E+iooSyk7KtWAdG9FQrRIv6iZSAXbBHrsuDILw9IB/hanFe0ofCI2v4+ENxqQC3tAi3D6Qyye8ZmtETi7DPtl5I4Vl7HpbzmlcFPd8uYz59gwx6Xu+xRCD3gOF0aDo7M4pyw==', 'p4gtTi1W9CKKiU99mqalwQ4uf+VFjW2oAqZ5U4Pk+TJiViROGpOw5NlVFtFuJcKQ6VZ3PCj1bKjd7/803nT3OYa0iZAtF52d8ngv0IWbpQVUZfma2lxpxGbgTRItw1ntaVOxroopgvpo0HzbTsDJ8LDR9klo6peTRFmpNa//CvFzUoSPcKGnLBFO8jpbIZQRWqPm7exXojaueQesM3m81vNLkdqGdqaS8PNrCkjvdcN380Fd4/taKayPkziO3XILu13rdfmDeqbyGwhYNxwDaBAowFOZoUYHp5GFBq0EKwWqKemalhB6DUSr0fFj1HqMQyeIdgE1pV0mYaz4ZHOfB7jRXcUdE9k6sDwpYvYUkIWh4wpO9LRcdvyAN8lvekKFZYkMBS6MOR/+KHskNapmAUcFqzKdbHZSBe9WuCtUFLk=', 'cKMpkifvM+vYGctCRX3eSKJvHlZk8h8gXztZHVLodpfiaSDBUCzUSiBOgtqfRG16vtdZu2RKXNELAX9emirNig==', 'oqwWoj1zAjasVXLRPWtvF+9zEcfSOBHUV3ruuYtqCu7yZY+eodRyLv0RCWk+6EQQ', '1', 'PFndTvwGOx5SB0y5VwQBXg=='), (13, 1, '0DeSoVz9zp6IV4Dw8+DL+wQyROTSktYmfza9Z14MbA0=', 'IVuAlnv3bV+/AizRMePW8A==', 'DfWztz6+rMl2NE/q6tjSswYrtAHyklRmO4VLkalQyFdlmB4G8Wn/H2NN1eIU8APZOWl01Zg9PoBvU4iQGELNlEO0lo1IlpP/LToR0E9Yk5Xo01EO5SdxoCHtTyHoC1hVd4oojsPR6CEJyqweCAi3j1Pcac5aMhTi6xiIzHgZaqrnW0x2eZMGcMxkMxIdLkXIhqHsE7mXFyq8aRu0uIPSM5N8GcUyD5TTxK3TiTniKC5zV4yoZCnF02lol3AfmiauXvumxceT2g8i7uw2N5E+iooSyk7KtWAdG9FQrRIv6iZSAXbBHrsuDILw9IB/hanFe0ofCI2v4+ENxqQC3tAi3DU1WvSO20X5fWoQ9uXgNJKP2uc+H3CHdfDoJuoXytZskmgxgAjNAa8wtqaoXzL+cg==', 'p4gtTi1W9CKKiU99mqalwQ4uf+VFjW2oAqZ5U4Pk+TJiViROGpOw5NlVFtFuJcKQ6VZ3PCj1bKjd7/803nT3OYa0iZAtF52d8ngv0IWbpQVUZfma2lxpxGbgTRItw1ntaVOxroopgvpo0HzbTsDJ8LDR9klo6peTRFmpNa//CvFzUoSPcKGnLBFO8jpbIZQRWqPm7exXojaueQesM3m81vNLkdqGdqaS8PNrCkjvdcN380Fd4/taKayPkziO3XILu13rdfmDeqbyGwhYNxwDaBAowFOZoUYHp5GFBq0EKwWqKemalhB6DUSr0fFj1HqMQyeIdgE1pV0mYaz4ZHOfB7jRXcUdE9k6sDwpYvYUkIWh4wpO9LRcdvyAN8lvekKFZYkMBS6MOR/+KHskNapmAUcFqzKdbHZSBe9WuCtUFLk=', 'mSivdwT9XiVR6X8dxEl+9nJAISK6zOD8kF8CS4ulpTutLuI9ILQVSZ3lSdc2cM+cwa5ryPQdweGXn2M6aHW2CA==', 'oqwWoj1zAjasVXLRPWtvF+9zEcfSOBHUV3ruuYtqCu7yZY+eodRyLv0RCWk+6EQQ', '1', 'OOXlYhOm5ph+jyc1ANEROA=='), (14, 3, '566KOU7aidwZ63THjS/7sA==', 'KEHviBAj+H5rTncukeI+vw==', 'DfWztz6+rMl2NE/q6tjSswYrtAHyklRmO4VLkalQyFdlmB4G8Wn/H2NN1eIU8APZOWl01Zg9PoBvU4iQGELNlEO0lo1IlpP/LToR0E9Yk5Xo01EO5SdxoCHtTyHoC1hVd4oojsPR6CEJyqweCAi3j1Pcac5aMhTi6xiIzHgZaqrnW0x2eZMGcMxkMxIdLkXIhqHsE7mXFyq8aRu0uIPSM5N8GcUyD5TTxK3TiTniKC5zV4yoZCnF02lol3AfmiauXvumxceT2g8i7uw2N5E+iooSyk7KtWAdG9FQrRIv6iZSAXbBHrsuDILw9IB/hanFe0ofCI2v4+ENxqQC3tAi3LpcDu1sH0AOHO9Z6Xv23N/VKU7L9PmKM+gNtZmcQGqO', 'p4gtTi1W9CKKiU99mqalwQ4uf+VFjW2oAqZ5U4Pk+TJiViROGpOw5NlVFtFuJcKQ6VZ3PCj1bKjd7/803nT3OYa0iZAtF52d8ngv0IWbpQVUZfma2lxpxGbgTRItw1ntaVOxroopgvpo0HzbTsDJ8LDR9klo6peTRFmpNa//CvFzUoSPcKGnLBFO8jpbIZQRWqPm7exXojaueQesM3m81vNLkdqGdqaS8PNrCkjvdcN380Fd4/taKayPkziO3XILu13rdfmDeqbyGwhYNxwDaBAowFOZoUYHp5GFBq0EKwWqKemalhB6DUSr0fFj1HqMQyeIdgE1pV0mYaz4ZHOfB7jRXcUdE9k6sDwpYvYUkIWh4wpO9LRcdvyAN8lvekKFZYkMBS6MOR/+KHskNapmAUcFqzKdbHZSBe9WuCtUFLk=', 'SvqASuEW1bHgqAvhEfjSrS1YnhLXIAn1MJtlGsIfdPg=', 'oqwWoj1zAjasVXLRPWtvF+9zEcfSOBHUV3ruuYtqCu7yZY+eodRyLv0RCWk+6EQQ', '1', 'vRQ8nzvmU1oni+bbqUN/lQ=='), (15, 3, '28kbN08ukZaWuW2DKwduOw==', '4MgqJVstTUr9bza3Ums9iA==', 'DfWztz6+rMl2NE/q6tjSswYrtAHyklRmO4VLkalQyFdlmB4G8Wn/H2NN1eIU8APZOWl01Zg9PoBvU4iQGELNlEO0lo1IlpP/LToR0E9Yk5Xo01EO5SdxoCHtTyHoC1hVd4oojsPR6CEJyqweCAi3j1Pcac5aMhTi6xiIzHgZaqrnW0x2eZMGcMxkMxIdLkXIhqHsE7mXFyq8aRu0uIPSM5N8GcUyD5TTxK3TiTniKC5zV4yoZCnF02lol3AfmiauXvumxceT2g8i7uw2N5E+iooSyk7KtWAdG9FQrRIv6iZSAXbBHrsuDILw9IB/hanFe0ofCI2v4+ENxqQC3tAi3Pf2BzclHm77VcRZh2f2e/4g6RHBO/uEJXTV1pmYuszaYg4tduypmcLozP+QzYbcxw==', 'p4gtTi1W9CKKiU99mqalwQ4uf+VFjW2oAqZ5U4Pk+TJiViROGpOw5NlVFtFuJcKQ6VZ3PCj1bKjd7/803nT3OYa0iZAtF52d8ngv0IWbpQVUZfma2lxpxGbgTRItw1ntaVOxroopgvpo0HzbTsDJ8LDR9klo6peTRFmpNa//CvFzUoSPcKGnLBFO8jpbIZQRWqPm7exXojaueQesM3m81vNLkdqGdqaS8PNrCkjvdcN380Fd4/taKayPkziO3XILu13rdfmDeqbyGwhYNxwDaBAowFOZoUYHp5GFBq0EKwWqKemalhB6DUSr0fFj1HqMQyeIdgE1pV0mYaz4ZHOfB7jRXcUdE9k6sDwpYvYUkIWh4wpO9LRcdvyAN8lvekKFZYkMBS6MOR/+KHskNapmAUcFqzKdbHZSBe9WuCtUFLk=', 'c+/62vmJ+Z7kAfiqfYQbNy6zHKE/ypIY7J5mERNs3ys=', 'oqwWoj1zAjasVXLRPWtvF+9zEcfSOBHUV3ruuYtqCu7yZY+eodRyLv0RCWk+6EQQ', '1', '3xw+0i/VKVGO3A5NsOWi8Q=='), (16, 3, '0DeSoVz9zp6IV4Dw8+DL+wQyROTSktYmfza9Z14MbA0=', 'fEEtA1qFguXlP7rVMwbvtg==', 'DfWztz6+rMl2NE/q6tjSswYrtAHyklRmO4VLkalQyFdlmB4G8Wn/H2NN1eIU8APZOWl01Zg9PoBvU4iQGELNlEO0lo1IlpP/LToR0E9Yk5Xo01EO5SdxoCHtTyHoC1hVd4oojsPR6CEJyqweCAi3j1Pcac5aMhTi6xiIzHgZaqrnW0x2eZMGcMxkMxIdLkXIhqHsE7mXFyq8aRu0uIPSM5N8GcUyD5TTxK3TiTniKC5zV4yoZCnF02lol3AfmiauXvumxceT2g8i7uw2N5E+iooSyk7KtWAdG9FQrRIv6iZSAXbBHrsuDILw9IB/hanFe0ofCI2v4+ENxqQC3tAi3CJW4eGm7N/uzeRrJIb5WKZmzd8vtuznCuEuMSHGDmk2I48zlvqqLsJz4bcNninDEap0FsdXay0cK4VtrkZvie8=', 'p4gtTi1W9CKKiU99mqalwQ4uf+VFjW2oAqZ5U4Pk+TJiViROGpOw5NlVFtFuJcKQ6VZ3PCj1bKjd7/803nT3OYa0iZAtF52d8ngv0IWbpQVUZfma2lxpxGbgTRItw1ntaVOxroopgvpo0HzbTsDJ8LDR9klo6peTRFmpNa//CvFzUoSPcKGnLBFO8jpbIZQRWqPm7exXojaueQesM3m81vNLkdqGdqaS8PNrCkjvdcN380Fd4/taKayPkziO3XILu13rdfmDeqbyGwhYNxwDaBAowFOZoUYHp5GFBq0EKwWqKemalhB6DUSr0fFj1HqMQyeIdgE1pV0mYaz4ZHOfB7jRXcUdE9k6sDwpYvYUkIWh4wpO9LRcdvyAN8lvekKFZYkMBS6MOR/+KHskNapmAUcFqzKdbHZSBe9WuCtUFLk=', 'usOXx8nOpHUEJ4JNviIKKNYM1wGhh4xpfHx9ejoj8tY=', 'oqwWoj1zAjasVXLRPWtvF+9zEcfSOBHUV3ruuYtqCu7yZY+eodRyLv0RCWk+6EQQ', '1', 'GjZXeZK8tbIPnQGuTwmtxA=='), (17, 1, 'cyUOAy6KqDefYNapQSWTVw==', 'dESOFiM2nvbk9l+FDSfLlw==', 'DfWztz6+rMl2NE/q6tjSswYrtAHyklRmO4VLkalQyFdlmB4G8Wn/H2NN1eIU8APZOWl01Zg9PoBvU4iQGELNlEO0lo1IlpP/LToR0E9Yk5Xo01EO5SdxoCHtTyHoC1hVd4oojsPR6CEJyqweCAi3j1Pcac5aMhTi6xiIzHgZaqrnW0x2eZMGcMxkMxIdLkXIhqHsE7mXFyq8aRu0uIPSM5N8GcUyD5TTxK3TiTniKC5zV4yoZCnF02lol3AfmiauXvumxceT2g8i7uw2N5E+iooSyk7KtWAdG9FQrRIv6iZSAXbBHrsuDILw9IB/hanFe0ofCI2v4+ENxqQC3tAi3Grj/uRY1itGCs+dwAWeBsEkl5Qg9w4WLHnCh2HDJZZlXSl32hmvXxnfsvFVRaeSng==', 'p4gtTi1W9CKKiU99mqalwQ4uf+VFjW2oAqZ5U4Pk+TJiViROGpOw5NlVFtFuJcKQ6VZ3PCj1bKjd7/803nT3OYa0iZAtF52d8ngv0IWbpQVUZfma2lxpxGbgTRItw1ntaVOxroopgvpo0HzbTsDJ8LDR9klo6peTRFmpNa//CvFzUoSPcKGnLBFO8jpbIZQRWqPm7exXojaueQesM3m81vNLkdqGdqaS8PNrCkjvdcN380Fd4/taKayPkziO3XILu13rdfmDeqbyGwhYNxwDaBAowFOZoUYHp5GFBq0EKwWqKemalhB6DUSr0fFj1HqMQyeIdgE1pV0mYaz4ZHOfB7jRXcUdE9k6sDwpYvYUkIWh4wpO9LRcdvyAN8lvekKFZYkMBS6MOR/+KHskNapmAUcFqzKdbHZSBe9WuCtUFLk=', '+19VoURUVWaurgdLCTzQ4oXV1CFj5/CvIK7/FCpmp4U=', 'oqwWoj1zAjasVXLRPWtvF+9zEcfSOBHUV3ruuYtqCu7yZY+eodRyLv0RCWk+6EQQ', '1', 'ivkR/p2hH2XDjBOl8TiGfg=='), (18, 1, 't6NXRISzkBcRiY4iakjBRA==', '4MgqJVstTUr9bza3Ums9iA==', 'DfWztz6+rMl2NE/q6tjSswYrtAHyklRmO4VLkalQyFdlmB4G8Wn/H2NN1eIU8APZOWl01Zg9PoBvU4iQGELNlEO0lo1IlpP/LToR0E9Yk5Xo01EO5SdxoCHtTyHoC1hVd4oojsPR6CEJyqweCAi3j1Pcac5aMhTi6xiIzHgZaqrnW0x2eZMGcMxkMxIdLkXIhqHsE7mXFyq8aRu0uIPSM5N8GcUyD5TTxK3TiTniKC5zV4yoZCnF02lol3AfmiauXvumxceT2g8i7uw2N5E+iooSyk7KtWAdG9FQrRIv6iZSAXbBHrsuDILw9IB/hanFe0ofCI2v4+ENxqQC3tAi3DmJwYSYeK0wsC88yNtSWo/z1pMt7d4JUy8qooVoCCdFF2bO3ehJsQGpw8ovHHkJM7G7+30+8In8frwTn/tWJTY=', 'p4gtTi1W9CKKiU99mqalwQ4uf+VFjW2oAqZ5U4Pk+TJiViROGpOw5NlVFtFuJcKQ6VZ3PCj1bKjd7/803nT3OYa0iZAtF52d8ngv0IWbpQVUZfma2lxpxGbgTRItw1ntaVOxroopgvpo0HzbTsDJ8LDR9klo6peTRFmpNa//CvFzUoSPcKGnLBFO8jpbIZQRWqPm7exXojaueQesM3m81vNLkdqGdqaS8PNrCkjvdcN380Fd4/taKayPkziO3XILu13rdfmDeqbyGwhYNxwDaBAowFOZoUYHp5GFBq0EKwWqKemalhB6DUSr0fFj1HqMQyeIdgE1pV0mYaz4ZHOfB7jRXcUdE9k6sDwpYvYUkIWh4wpO9LRcdvyAN8lvekKFZYkMBS6MOR/+KHskNapmAUcFqzKdbHZSBe9WuCtUFLk=', 'yuVMIWVXK1XmEuYVvCyQiZh+DvOoK5HAZUBxYE/tqL8=', 'oqwWoj1zAjasVXLRPWtvF+9zEcfSOBHUV3ruuYtqCu7yZY+eodRyLv0RCWk+6EQQ', '1', 'Dg7pdr5DHmJFPf9Ir6DISQ==');
/*!40000 ALTER TABLE `produto` ENABLE KEYS */;

# Dumping data for table downloadbankercripto.prodvenda: 0 rows
/*!40000 ALTER TABLE `prodvenda` DISABLE KEYS */;
/*!40000 ALTER TABLE `prodvenda` ENABLE KEYS */;

# Dumping data for table downloadbankercripto.qrcode: 0 rows
/*!40000 ALTER TABLE `qrcode` DISABLE KEYS */;
INSERT INTO `qrcode` (`id_qr`, `valor_qr`, `status_qr`) VALUES (1, 'IVuAlnv3bV+/AizRMePW8A==', 1), (2, 'dpw/M8UI4nvVIyB9Ja8ShA==', 1), (3, 'dpw/M8UI4nvVIyB9Ja8ShA==', 1), (4, 'wa0azh82REI458wDWY/+cA==', 1), (5, 'IVuAlnv3bV+/AizRMePW8A==', 1), (6, 'wa0azh82REI458wDWY/+cA==', 1);
/*!40000 ALTER TABLE `qrcode` ENABLE KEYS */;

# Dumping data for table downloadbankercripto.tipo: 0 rows
/*!40000 ALTER TABLE `tipo` DISABLE KEYS */;
INSERT INTO `tipo` (`id_tipo`, `nome_tipo`) VALUES (1, 'wBik2oLC0Kg25rC8n8X9nw=='), (2, 'o645phfAY88hpa2CYhKeVQ=='), (3, '1uhHBiFa8D+YXNra3zCCGA=='), (4, 'bWWZJTY3INyYPYoiIfRItQ=='), (5, 'M8nRmVXQbCDlScslczJMNA=='), (6, '14iXctBIXafjfBXKvI37Ig==');
/*!40000 ALTER TABLE `tipo` ENABLE KEYS */;

# Dumping data for table downloadbankercripto.tipocategoria: 0 rows
/*!40000 ALTER TABLE `tipocategoria` DISABLE KEYS */;
INSERT INTO `tipocategoria` (`id_tipo`, `id_cat`) VALUES (1, 1), (3, 2), (5, 3), (2, 4), (4, 5), (6, 6), (1, 7), (3, 8), (5, 9), (2, 10), (4, 11), (6, 12), (1, 13), (3, 14), (5, 15), (2, 16), (6, 17);
/*!40000 ALTER TABLE `tipocategoria` ENABLE KEYS */;

# Dumping data for table downloadbankercripto.tipotransacao: 0 rows
/*!40000 ALTER TABLE `tipotransacao` DISABLE KEYS */;
INSERT INTO `tipotransacao` (`id_tipotransacao`, `nome_tipo`) VALUES (1, 'XmBmc64RwXxb2jIa/Hb9VDft43+DkvaLTmk5WepHiWM='), (2, 'yybwlugNSbqwjLiEZ11bRT/ZZa7clpNm0W0jArNmW+I='), (3, 'VBIFOc5Wnr5tHfNCWe9tcQ=='), (4, 'FEj1WLKFNIj9VFAtFo4AQQ==');
/*!40000 ALTER TABLE `tipotransacao` ENABLE KEYS */;

# Dumping data for table downloadbankercripto.transacao: 0 rows
/*!40000 ALTER TABLE `transacao` DISABLE KEYS */;
INSERT INTO `transacao` (`id_transacao`, `id_user`, `id_tipoTransacao`, `valor_transacao`, `data_transacao`) VALUES (1, 1, 1, 'lOdItIbTDJNbp12Sil8a7A==', 'cDDO5yJz1eLLV6IjPUrgcQ=='), (2, 2, 1, 'ByyEbsFHfscEoLjH2rROqg==', 'cDDO5yJz1eLLV6IjPUrgcQ=='), (3, 3, 1, 'IVuAlnv3bV+/AizRMePW8A==', 'cDDO5yJz1eLLV6IjPUrgcQ==');
/*!40000 ALTER TABLE `transacao` ENABLE KEYS */;

# Dumping data for table downloadbankercripto.usuario: 0 rows
/*!40000 ALTER TABLE `usuario` DISABLE KEYS */;
INSERT INTO `usuario` (`id_user`, `login_user`, `pass_user`, `nome_user`, `email_user`, `cpf_user`, `sexo_user`, `status_user`) VALUES (1, 'etz3U5+mOG4y4KB8OWxByA==', 'x4IEMlG/g2G7PbKCLFDhLw==', 'ns4ZeQgBxybVudMTYlG9Kp4wRpFBBSoFc22PpSfCwGk=', 'KkMxIX4LNr2e5y42aGZi7bvf7P0tvrJe5kISPEd/yrY=', 'y1gV4gnTHYSsbCp76sDNsQ==', 'CpTdduImNUZM62HVFzg0xQ==', '1'), (2, 'kRb+FGMV39wVnkQbc0QEGw==', 'x4IEMlG/g2G7PbKCLFDhLw==', 'ggLqjpfoI1SNhRXA5tb/CA==', '0RhtPwq20us3Me8xdCBuN6LsbRg7K3L00tDUanBp8qk=', 'ShMQkLV2CipN4NVVyuHiQw==', 'yfR0k65E1NychgIxnAdEgQ==', '1'), (3, 'JACDaWeMFoqLkcGtNL9Cag==', 'x4IEMlG/g2G7PbKCLFDhLw==', 'XOSmBWB593SEMGd73SdY0g==', 'Rfqi4oAkNO+D0HH6NBYEkw==', 'kupOspsNB8xxj8LY1xGl3A==', 'yfR0k65E1NychgIxnAdEgQ==', '1');
/*!40000 ALTER TABLE `usuario` ENABLE KEYS */;

# Dumping data for table downloadbankercripto.venda: 0 rows
/*!40101 SET SQL_MODE=@OLD_SQL_MODE */;
/*!40014 SET FOREIGN_KEY_CHECKS=@OLD_FOREIGN_KEY_CHECKS */;
/*!40101 SET CHARACTER_SET_CLIENT=@OLD_CHARACTER_SET_CLIENT */;
